{
  "stateAverages": {
      "aa": 0.3045562222346321,
      "asian": 0.032460597009409814,
      "hisp": 0.08812134373516475,
      "amin": 0.0033187604882214507,
      "nhpi": 0.0007018211738178484,
      "white": 0.5974037261656667
    }
}