{
  "stateAverages": {
      "aa": 0.6223248707793793,
      "asian": 0,
      "hisp": 0.24430331858573368,
      "amin": 0,
      "nhpi": 0,
      "white": 0.45325475140522814
    }
}