{
  "stateAverages": {
      "aa": 0.19390005579285852,
      "asian": 0.05497921266077942,
      "hisp": 0.07896801709381199,
      "amin": 0.00365265745984514,
      "nhpi": 0.0007474043322454726,
      "white": 0.6857687216036348
    }
}